{
    "ADMIN_PASSWORD": "nobak",
    "MASTER_PASSWORD": "zynesa",
    "DEVELOPER_MODE": true,
    "DEBUG_MODE": true,
    "LOCK_DURATION": 300,
    "MAX_FAIL": 5,
    "AUTO_BLOCK_INTERVAL": 60,
    "NOTIFICATION_DURATION": 3000,
    "HOSTS_PATH": "C:\\Windows\\System32\\drivers\\etc\\hosts",
    "BLOCK_MARK": "# --- AI SITES BLOCK START ---",
    "UNBLOCK_MARK": "# --- AI SITES BLOCK END ---",
    "ICON_URL": "https://i.ibb.co/jPbBD0Cv/3d3f76385ef27e2663dc15b2162a4a66.jpg",
    "ICON_PATH": "tray_icon.png",
    "UPDATE_URL": "https://api.github.com/repos/zynesa/aiblock/releases/latest",
    "UPDATE_CHECK_INTERVAL": 3600,
    "LAST_UPDATE_CHECK": 0,
    "DEV_SERVER": "http://localhost:8000",
    "PROD_SERVER": "https://your-production-server.com"
} 